{
  "project_info": {
    "project_number": "937925012043",
    "project_id": "trainappfinal-64dfd",
    "storage_bucket": "trainappfinal-64dfd.appspot.com"
  },
  "client": [
    {
      "client_info": {
        "mobilesdk_app_id": "1:937925012043:android:75d12cee907f0a567bfbce",
        "android_client_info": {
          "package_name": "com.example.trainappfinal"
        }
      },
      "oauth_client": [
        {
          "client_id": "937925012043-t15flkq8uvqi7es2nlchb0gqdp14d6t8.apps.googleusercontent.com",
          "client_type": 3
        }
      ],
      "api_key": [
        {
          "current_key": "AIzaSyCkMidWaeu0xpr9YSz-ciBwKsJq_9KIRnQ"
        }
      ],
      "services": {
        "appinvite_service": {
          "other_platform_oauth_client": [
            {
              "client_id": "937925012043-t15flkq8uvqi7es2nlchb0gqdp14d6t8.apps.googleusercontent.com",
              "client_type": 3
            }
          ]
        }
      }
    }
  ],
  "configuration_version": "1"
}